District Name,Year,Crop,Area,Production
Hissar,2010,Rice,208.82,687.24
Hissar,2010,Wheat,811.29,3968.1
Hissar,2010,Kharif Sorghum,0.0,0.0
Hissar,2010,Rabi Sorghum,0.0,0.0
Hissar,2010,Sorghum,0.0,0.0
Hissar,2010,Pearl Millet,212.2,396.46
Hissar,2010,Maize,0.17,0.0
Hissar,2010,Finger Millet,0.0,0.0
Hissar,2010,Barley,23.83,86.72
Hissar,2010,Chickpea,77.71,75.86
Hissar,2010,Pigeonpea,0.0,0.0
Hissar,2010,Minor Pulses,0.0,0.0
Hissar,2010,Groundnut,2.0,2.1
Hissar,2010,Sesamum,1.07,0.81
Hissar,2010,Rapeseed And Mustard,220.91,413.98
Hissar,2010,Safflower,0.0,0.0
Hissar,2010,Castor,0.0,0.0
Hissar,2010,Linseed,0.0,0.0
Hissar,2010,Sunflower,0.0,0.0
Hissar,2010,Soyabean,0.0,0.0
Hissar,2010,Oilseeds,225.78,417.59
Hissar,2010,Sugarcane,2.08,13.39
Hissar,2010,Cotton,422.08,258.08
Hissar,2011,Rice,205.52,671.66
Hissar,2011,Wheat,832.89,4305.5
Hissar,2011,Kharif Sorghum,0.2,0.0
Hissar,2011,Rabi Sorghum,0.0,0.0
Hissar,2011,Sorghum,0.2,0.0
Hissar,2011,Pearl Millet,175.04,330.58
Hissar,2011,Maize,0.1,0.0
Hissar,2011,Finger Millet,0.0,0.0
Hissar,2011,Barley,23.79,84.53
Hissar,2011,Chickpea,55.3,50.82
Hissar,2011,Pigeonpea,0.0,0.0
Hissar,2011,Minor Pulses,0.0,0.0
Hissar,2011,Groundnut,1.6,1.6
Hissar,2011,Sesamum,0.51,0.27
Hissar,2011,Rapeseed And Mustard,223.96,322.84
Hissar,2011,Safflower,0.0,0.0
Hissar,2011,Castor,0.0,0.0
Hissar,2011,Linseed,0.0,0.0
Hissar,2011,Sunflower,0.0,0.0
Hissar,2011,Soyabean,0.0,0.0
Hissar,2011,Oilseeds,228.94,325.91
Hissar,2011,Sugarcane,3.08,18.36
Hissar,2011,Cotton,497.92,376.61
Hissar,2012,Rice,207.57,730.4
Hissar,2012,Wheat,828.41,3756.47
Hissar,2012,Kharif Sorghum,0.0,0.0
Hissar,2012,Rabi Sorghum,0.0,0.0
Hissar,2012,Sorghum,0.0,0.0
Hissar,2012,Pearl Millet,96.41,157.33
Hissar,2012,Maize,0.08,0.0
Hissar,2012,Finger Millet,0.0,0.0
Hissar,2012,Barley,25.67,89.69
Hissar,2012,Chickpea,29.86,32.59
Hissar,2012,Pigeonpea,0.6,0.74
Hissar,2012,Minor Pulses,8.14,45.19
Hissar,2012,Groundnut,2.41,2.85
Hissar,2012,Sesamum,0.22,0.12
Hissar,2012,Rapeseed And Mustard,232.61,381.02
Hissar,2012,Safflower,0.0,0.0
Hissar,2012,Castor,1.25,0.59
Hissar,2012,Linseed,0.0,0.0
Hissar,2012,Sunflower,0.0,0.0
Hissar,2012,Soyabean,0.0,0.0
Hissar,2012,Oilseeds,236.45,389.93
Hissar,2012,Sugarcane,3.01,15.09
Hissar,2012,Cotton,474.34,331.33
Hissar,2013,Rice,217.36,773.85
Hissar,2013,Wheat,818.57,4042.26
Hissar,2013,Kharif Sorghum,1.42,0.71
Hissar,2013,Rabi Sorghum,0.0,0.0
Hissar,2013,Sorghum,1.42,0.71
Hissar,2013,Pearl Millet,86.77,146.69
Hissar,2013,Maize,0.0,0.0
Hissar,2013,Finger Millet,0.0,0.0
Hissar,2013,Barley,20.1,77.69
Hissar,2013,Chickpea,53.24,44.98
Hissar,2013,Pigeonpea,0.57,0.71
Hissar,2013,Minor Pulses,7.41,3.44
Hissar,2013,Groundnut,5.37,6.47
Hissar,2013,Sesamum,0.27,0.07
Hissar,2013,Rapeseed And Mustard,234.05,375.85
Hissar,2013,Safflower,0.0,0.0
Hissar,2013,Castor,0.7,0.7
Hissar,2013,Linseed,0.0,0.0
Hissar,2013,Sunflower,0.0,0.0
Hissar,2013,Soyabean,0.0,0.0
Hissar,2013,Oilseeds,239.83,383.09
Hissar,2013,Sugarcane,2.42,19.52
Hissar,2013,Cotton,440.6,277.5
Hissar,2014,Rice,243.91,822.3
Hissar,2014,Wheat,879.49,3913.53
Hissar,2014,Kharif Sorghum,1.42,0.71
Hissar,2014,Rabi Sorghum,0.0,0.0
Hissar,2014,Sorghum,1.42,0.71
Hissar,2014,Pearl Millet,82.93,119.23
Hissar,2014,Maize,0.0,0.0
Hissar,2014,Finger Millet,0.0,0.0
Hissar,2014,Barley,19.81,69.85
Hissar,2014,Chickpea,45.4,29.75
Hissar,2014,Pigeonpea,0.0,0.0
Hissar,2014,Minor Pulses,6.99,3.29
Hissar,2014,Groundnut,1.0,2.0
Hissar,2014,Sesamum,0.0,0.0
Hissar,2014,Rapeseed And Mustard,213.72,310.35
Hissar,2014,Safflower,0.0,0.0
Hissar,2014,Castor,0.0,0.0
Hissar,2014,Linseed,0.0,0.0
Hissar,2014,Sunflower,0.0,0.0
Hissar,2014,Soyabean,0.0,0.0
Hissar,2014,Oilseeds,218.13,320.96
Hissar,2014,Sugarcane,2.42,17.79
Hissar,2014,Cotton,492.87,257.88
Hissar,2015,Rice,282.25,930.63
Hissar,2015,Wheat,843.91,3870.94
Hissar,2015,Kharif Sorghum,1.42,0.71
Hissar,2015,Rabi Sorghum,0.0,0.0
Hissar,2015,Sorghum,1.42,0.71
Hissar,2015,Pearl Millet,63.52,91.28
Hissar,2015,Maize,0.1,0.0
Hissar,2015,Finger Millet,0.0,0.0
Hissar,2015,Barley,16.58,58.59
Hissar,2015,Chickpea,32.61,20.81
Hissar,2015,Pigeonpea,0.0,0.0
Hissar,2015,Minor Pulses,9.72,4.85
Hissar,2015,Groundnut,4.27,5.17
Hissar,2015,Sesamum,0.51,0.34
Hissar,2015,Rapeseed And Mustard,235.84,378.75
Hissar,2015,Safflower,0.0,0.0
Hissar,2015,Castor,0.0,0.0
Hissar,2015,Linseed,0.0,0.0
Hissar,2015,Sunflower,0.0,0.0
Hissar,2015,Soyabean,0.0,0.0
Hissar,2015,Oilseeds,240.62,384.26
Hissar,2015,Sugarcane,0.0,0.0
Hissar,2015,Cotton,443.93,132.11
Hissar,2016,Rice,289.75,1031.73
Hissar,2016,Wheat,847.16,4169.38
Hissar,2016,Kharif Sorghum,0.0,0.0
Hissar,2016,Rabi Sorghum,0.0,0.0
Hissar,2016,Sorghum,1.92,1.42
Hissar,2016,Pearl Millet,130.37,236.19
Hissar,2016,Maize,0.3,0.0
Hissar,2016,Finger Millet,0.0,0.0
Hissar,2016,Barley,11.02,38.78
Hissar,2016,Chickpea,19.97,24.16
Hissar,2016,Pigeonpea,0.0,0.0
Hissar,2016,Minor Pulses,16.31,26.13
Hissar,2016,Groundnut,4.4,5.47
Hissar,2016,Sesamum,0.51,0.27
Hissar,2016,Rapeseed And Mustard,234.07,399.83
Hissar,2016,Safflower,0.0,0.0
Hissar,2016,Castor,0.0,0.0
Hissar,2016,Linseed,0.0,0.0
Hissar,2016,Sunflower,0.0,0.0
Hissar,2016,Soyabean,0.0,0.0
Hissar,2016,Oilseeds,240.71,399.77
Hissar,2016,Sugarcane,5.1,30.75
Hissar,2016,Cotton,422.2,289.11
Hissar,2017,Rice,305.38,1077.83
Hissar,2017,Wheat,829.58,4131.43
Hissar,2017,Kharif Sorghum,0.0,0.0
Hissar,2017,Rabi Sorghum,0.0,0.0
Hissar,2017,Sorghum,1.42,0.71
Hissar,2017,Pearl Millet,110.51,144.55
Hissar,2017,Maize,0.17,0.0
Hissar,2017,Finger Millet,0.0,0.0
Hissar,2017,Barley,10.39,35.36
Hissar,2017,Chickpea,21.5,25.1
Hissar,2017,Pigeonpea,0.0,0.0
Hissar,2017,Minor Pulses,14.2,24.69
Hissar,2017,Groundnut,3.2,3.6
Hissar,2017,Sesamum,0.34,0.17
Hissar,2017,Rapeseed And Mustard,252.79,503.33
Hissar,2017,Safflower,0.0,0.0
Hissar,2017,Castor,0.0,0.0
Hissar,2017,Linseed,0.0,0.0
Hissar,2017,Sunflower,0.0,0.0
Hissar,2017,Soyabean,0.0,0.0
Hissar,2017,Oilseeds,257.03,520.3
Hissar,2017,Sugarcane,0.0,0.0
Hissar,2017,Cotton,482.57,202.1
Gurgaon,2010,Rice,54.0,140.0
Gurgaon,2010,Wheat,252.3,1140.0
Gurgaon,2010,Kharif Sorghum,24.2,13.0
Gurgaon,2010,Rabi Sorghum,0.0,0.0
Gurgaon,2010,Sorghum,24.2,13.0
Gurgaon,2010,Pearl Millet,73.4,123.0
Gurgaon,2010,Maize,0.0,0.0
Gurgaon,2010,Finger Millet,0.0,0.0
Gurgaon,2010,Barley,3.5,10.0
Gurgaon,2010,Chickpea,0.4,1.0
Gurgaon,2010,Pigeonpea,0.0,0.0
Gurgaon,2010,Minor Pulses,0.0,0.0
Gurgaon,2010,Groundnut,0.0,0.0
Gurgaon,2010,Sesamum,1.1,0.2
Gurgaon,2010,Rapeseed And Mustard,39.9,72.0
Gurgaon,2010,Safflower,0.0,0.0
Gurgaon,2010,Castor,0.0,0.0
Gurgaon,2010,Linseed,0.0,0.0
Gurgaon,2010,Sunflower,0.0,0.0
Gurgaon,2010,Soyabean,0.0,0.0
Gurgaon,2010,Oilseeds,40.9,72.2
Gurgaon,2010,Sugarcane,3.1,17.0
Gurgaon,2010,Cotton,0.4,0.0
Gurgaon,2011,Rice,54.8,149.0
Gurgaon,2011,Wheat,253.9,1227.0
Gurgaon,2011,Kharif Sorghum,23.1,12.0
Gurgaon,2011,Rabi Sorghum,0.0,0.0
Gurgaon,2011,Sorghum,23.1,12.0
Gurgaon,2011,Pearl Millet,68.5,139.0
Gurgaon,2011,Maize,0.0,0.0
Gurgaon,2011,Finger Millet,0.0,0.0
Gurgaon,2011,Barley,3.7,17.0
Gurgaon,2011,Chickpea,0.4,1.0
Gurgaon,2011,Pigeonpea,0.0,0.0
Gurgaon,2011,Minor Pulses,0.0,0.0
Gurgaon,2011,Groundnut,0.0,0.0
Gurgaon,2011,Sesamum,0.8,0.3
Gurgaon,2011,Rapeseed And Mustard,41.7,79.0
Gurgaon,2011,Safflower,0.0,0.0
Gurgaon,2011,Castor,0.0,0.0
Gurgaon,2011,Linseed,0.0,0.0
Gurgaon,2011,Sunflower,0.0,0.0
Gurgaon,2011,Soyabean,0.0,0.0
Gurgaon,2011,Oilseeds,42.5,79.3
Gurgaon,2011,Sugarcane,3.4,26.0
Gurgaon,2011,Cotton,0.4,0.0
Gurgaon,2012,Rice,49.23,134.0
Gurgaon,2012,Wheat,243.45,1084.0
Gurgaon,2012,Kharif Sorghum,16.37,8.5
Gurgaon,2012,Rabi Sorghum,0.0,0.0
Gurgaon,2012,Sorghum,16.37,8.5
Gurgaon,2012,Pearl Millet,63.95,132.0
Gurgaon,2012,Maize,0.04,0.0
Gurgaon,2012,Finger Millet,0.0,0.0
Gurgaon,2012,Barley,4.76,15.0
Gurgaon,2012,Chickpea,0.3,0.0
Gurgaon,2012,Pigeonpea,2.42,2.52
Gurgaon,2012,Minor Pulses,0.76,2.14
Gurgaon,2012,Groundnut,0.01,0.01
Gurgaon,2012,Sesamum,0.78,0.3
Gurgaon,2012,Rapeseed And Mustard,47.42,82.0
Gurgaon,2012,Safflower,0.0,0.0
Gurgaon,2012,Castor,0.0,0.0
Gurgaon,2012,Linseed,0.0,0.0
Gurgaon,2012,Sunflower,0.0,0.0
Gurgaon,2012,Soyabean,0.0,0.0
Gurgaon,2012,Oilseeds,48.2,82.3
Gurgaon,2012,Sugarcane,4.56,30.1
Gurgaon,2012,Cotton,1.26,0.68
Gurgaon,2013,Rice,55.0,149.0
Gurgaon,2013,Wheat,249.0,1114.0
Gurgaon,2013,Kharif Sorghum,21.0,11.0
Gurgaon,2013,Rabi Sorghum,0.0,0.0
Gurgaon,2013,Sorghum,21.0,11.0
Gurgaon,2013,Pearl Millet,67.0,138.0
Gurgaon,2013,Maize,0.0,0.0
Gurgaon,2013,Finger Millet,0.0,0.0
Gurgaon,2013,Barley,4.0,16.0
Gurgaon,2013,Chickpea,1.0,1.0
Gurgaon,2013,Pigeonpea,1.8,1.9
Gurgaon,2013,Minor Pulses,0.6,0.4
Gurgaon,2013,Groundnut,0.0,0.0
Gurgaon,2013,Sesamum,0.7,0.4
Gurgaon,2013,Rapeseed And Mustard,44.0,69.0
Gurgaon,2013,Safflower,0.0,0.0
Gurgaon,2013,Castor,0.0,0.0
Gurgaon,2013,Linseed,0.0,0.0
Gurgaon,2013,Sunflower,0.0,0.0
Gurgaon,2013,Soyabean,0.0,0.0
Gurgaon,2013,Oilseeds,45.2,69.4
Gurgaon,2013,Sugarcane,3.0,17.8
Gurgaon,2013,Cotton,1.0,0.68
Gurgaon,2014,Rice,57.0,159.0
Gurgaon,2014,Wheat,259.0,851.0
Gurgaon,2014,Kharif Sorghum,16.0,8.0
Gurgaon,2014,Rabi Sorghum,0.0,0.0
Gurgaon,2014,Sorghum,16.0,8.0
Gurgaon,2014,Pearl Millet,68.0,120.0
Gurgaon,2014,Maize,0.0,0.0
Gurgaon,2014,Finger Millet,0.0,0.0
Gurgaon,2014,Barley,3.0,9.0
Gurgaon,2014,Chickpea,0.0,0.0
Gurgaon,2014,Pigeonpea,0.0,0.0
Gurgaon,2014,Minor Pulses,2.2,1.6
Gurgaon,2014,Groundnut,0.0,0.0
Gurgaon,2014,Sesamum,0.0,0.0
Gurgaon,2014,Rapeseed And Mustard,33.0,44.0
Gurgaon,2014,Safflower,0.0,0.0
Gurgaon,2014,Castor,0.0,0.0
Gurgaon,2014,Linseed,0.0,0.0
Gurgaon,2014,Sunflower,0.0,0.0
Gurgaon,2014,Soyabean,0.0,0.0
Gurgaon,2014,Oilseeds,34.5,46.5
Gurgaon,2014,Sugarcane,2.0,8.7
Gurgaon,2014,Cotton,5.0,2.55
Gurgaon,2015,Rice,59.0,138.0
Gurgaon,2015,Wheat,257.8,1028.0
Gurgaon,2015,Kharif Sorghum,17.0,9.0
Gurgaon,2015,Rabi Sorghum,0.0,0.0
Gurgaon,2015,Sorghum,17.0,9.0
Gurgaon,2015,Pearl Millet,68.9,126.0
Gurgaon,2015,Maize,0.0,0.0
Gurgaon,2015,Finger Millet,0.0,0.0
Gurgaon,2015,Barley,2.8,10.0
Gurgaon,2015,Chickpea,0.4,1.0
Gurgaon,2015,Pigeonpea,0.0,0.0
Gurgaon,2015,Minor Pulses,2.0,0.2
Gurgaon,2015,Groundnut,0.0,0.0
Gurgaon,2015,Sesamum,1.6,0.7
Gurgaon,2015,Rapeseed And Mustard,35.2,57.0
Gurgaon,2015,Safflower,0.0,0.0
Gurgaon,2015,Castor,0.0,0.0
Gurgaon,2015,Linseed,0.0,0.0
Gurgaon,2015,Sunflower,0.0,0.0
Gurgaon,2015,Soyabean,0.0,0.0
Gurgaon,2015,Oilseeds,36.8,57.7
Gurgaon,2015,Sugarcane,0.0,0.0
Gurgaon,2015,Cotton,10.4,3.06
Gurgaon,2016,Rice,62.1,166.0
Gurgaon,2016,Wheat,255.2,1127.0
Gurgaon,2016,Kharif Sorghum,0.0,0.0
Gurgaon,2016,Rabi Sorghum,0.0,0.0
Gurgaon,2016,Sorghum,20.6,15.0
Gurgaon,2016,Pearl Millet,71.1,128.0
Gurgaon,2016,Maize,0.0,0.0
Gurgaon,2016,Finger Millet,0.0,0.0
Gurgaon,2016,Barley,2.2,8.0
Gurgaon,2016,Chickpea,0.4,0.3
Gurgaon,2016,Pigeonpea,0.0,0.0
Gurgaon,2016,Minor Pulses,2.3,15.3
Gurgaon,2016,Groundnut,0.0,0.0
Gurgaon,2016,Sesamum,0.8,0.6
Gurgaon,2016,Rapeseed And Mustard,32.5,86.0
Gurgaon,2016,Safflower,0.0,0.0
Gurgaon,2016,Castor,0.0,0.0
Gurgaon,2016,Linseed,0.0,0.0
Gurgaon,2016,Sunflower,0.0,0.0
Gurgaon,2016,Soyabean,0.0,0.0
Gurgaon,2016,Oilseeds,33.3,86.7
Gurgaon,2016,Sugarcane,3.3,18.0
Gurgaon,2016,Cotton,13.3,7.2
Gurgaon,2017,Rice,64.2,174.0
Gurgaon,2017,Wheat,243.7,1105.0
Gurgaon,2017,Kharif Sorghum,0.0,0.0
Gurgaon,2017,Rabi Sorghum,0.0,0.0
Gurgaon,2017,Sorghum,17.6,9.0
Gurgaon,2017,Pearl Millet,64.6,137.0
Gurgaon,2017,Maize,0.0,0.0
Gurgaon,2017,Finger Millet,0.0,0.0
Gurgaon,2017,Barley,2.3,10.0
Gurgaon,2017,Chickpea,0.4,1.0
Gurgaon,2017,Pigeonpea,0.0,0.0
Gurgaon,2017,Minor Pulses,1.3,17.1
Gurgaon,2017,Groundnut,0.0,0.0
Gurgaon,2017,Sesamum,0.8,0.4
Gurgaon,2017,Rapeseed And Mustard,41.1,91.1
Gurgaon,2017,Safflower,0.0,0.0
Gurgaon,2017,Castor,0.0,0.0
Gurgaon,2017,Linseed,0.0,0.0
Gurgaon,2017,Sunflower,0.0,0.0
Gurgaon,2017,Soyabean,0.0,0.0
Gurgaon,2017,Oilseeds,41.9,91.6
Gurgaon,2017,Sugarcane,0.0,0.0
Gurgaon,2017,Cotton,23.7,10.08
Jind,2010,Rice,142.47,362.48
Jind,2010,Wheat,247.77,1132.3
Jind,2010,Kharif Sorghum,0.0,0.0
Jind,2010,Rabi Sorghum,0.0,0.0
Jind,2010,Sorghum,0.0,0.0
Jind,2010,Pearl Millet,44.86,91.52
Jind,2010,Maize,0.0,0.0
Jind,2010,Finger Millet,0.0,0.0
Jind,2010,Barley,0.6,3.0
Jind,2010,Chickpea,0.22,0.0
Jind,2010,Pigeonpea,0.0,0.0
Jind,2010,Minor Pulses,0.0,0.0
Jind,2010,Groundnut,0.0,0.0
Jind,2010,Sesamum,0.1,0.0
Jind,2010,Rapeseed And Mustard,5.03,9.36
Jind,2010,Safflower,0.0,0.0
Jind,2010,Castor,0.0,0.0
Jind,2010,Linseed,0.0,0.0
Jind,2010,Sunflower,0.0,0.0
Jind,2010,Soyabean,0.0,0.0
Jind,2010,Oilseeds,5.14,9.36
Jind,2010,Sugarcane,2.46,16.7
Jind,2010,Cotton,48.07,27.36
Jind,2011,Rice,143.4,379.98
Jind,2011,Wheat,247.76,1305.74
Jind,2011,Kharif Sorghum,0.0,0.0
Jind,2011,Rabi Sorghum,0.0,0.0
Jind,2011,Sorghum,0.0,0.0
Jind,2011,Pearl Millet,29.34,60.7
Jind,2011,Maize,0.0,0.0
Jind,2011,Finger Millet,0.0,0.0
Jind,2011,Barley,0.6,4.0
Jind,2011,Chickpea,0.12,0.0
Jind,2011,Pigeonpea,0.0,0.0
Jind,2011,Minor Pulses,0.0,0.0
Jind,2011,Groundnut,0.0,0.0
Jind,2011,Sesamum,0.1,0.0
Jind,2011,Rapeseed And Mustard,4.54,7.18
Jind,2011,Safflower,0.0,0.0
Jind,2011,Castor,0.0,0.0
Jind,2011,Linseed,0.0,0.0
Jind,2011,Sunflower,0.0,0.0
Jind,2011,Soyabean,0.0,0.0
Jind,2011,Oilseeds,4.64,7.18
Jind,2011,Sugarcane,3.37,24.88
Jind,2011,Cotton,64.53,44.48
Jind,2012,Rice,143.25,410.16
Jind,2012,Wheat,246.99,1067.08
Jind,2012,Kharif Sorghum,0.08,0.0
Jind,2012,Rabi Sorghum,0.0,0.0
Jind,2012,Sorghum,0.08,0.0
Jind,2012,Pearl Millet,23.51,49.34
Jind,2012,Maize,0.0,0.0
Jind,2012,Finger Millet,0.0,0.0
Jind,2012,Barley,0.56,4.0
Jind,2012,Chickpea,0.09,0.0
Jind,2012,Pigeonpea,0.07,0.07
Jind,2012,Minor Pulses,0.14,0.33
Jind,2012,Groundnut,0.0,0.0
Jind,2012,Sesamum,0.06,0.02
Jind,2012,Rapeseed And Mustard,4.74,8.36
Jind,2012,Safflower,0.0,0.0
Jind,2012,Castor,0.0,0.0
Jind,2012,Linseed,0.0,0.0
Jind,2012,Sunflower,0.0,0.0
Jind,2012,Soyabean,0.0,0.0
Jind,2012,Oilseeds,4.76,8.36
Jind,2012,Sugarcane,4.02,25.78
Jind,2012,Cotton,68.61,42.92
Jind,2013,Rice,148.44,417.6
Jind,2013,Wheat,248.32,1137.84
Jind,2013,Kharif Sorghum,0.0,0.0
Jind,2013,Rabi Sorghum,0.0,0.0
Jind,2013,Sorghum,0.0,0.0
Jind,2013,Pearl Millet,15.72,35.8
Jind,2013,Maize,0.0,0.0
Jind,2013,Finger Millet,0.0,0.0
Jind,2013,Barley,1.0,3.0
Jind,2013,Chickpea,0.0,0.0
Jind,2013,Pigeonpea,0.0,0.0
Jind,2013,Minor Pulses,0.14,0.07
Jind,2013,Groundnut,0.0,0.0
Jind,2013,Sesamum,0.1,0.0
Jind,2013,Rapeseed And Mustard,4.18,7.36
Jind,2013,Safflower,0.0,0.0
Jind,2013,Castor,0.0,0.0
Jind,2013,Linseed,0.0,0.0
Jind,2013,Sunflower,0.0,0.0
Jind,2013,Soyabean,0.0,0.0
Jind,2013,Oilseeds,4.34,7.36
Jind,2013,Sugarcane,4.72,37.85
Jind,2013,Cotton,74.98,40.71
Jind,2014,Rice,151.98,423.6
Jind,2014,Wheat,250.5,932.92
Jind,2014,Kharif Sorghum,0.0,0.0
Jind,2014,Rabi Sorghum,0.0,0.0
Jind,2014,Sorghum,0.0,0.0
Jind,2014,Pearl Millet,11.36,22.9
Jind,2014,Maize,0.0,0.0
Jind,2014,Finger Millet,0.0,0.0
Jind,2014,Barley,1.0,2.0
Jind,2014,Chickpea,0.0,0.0
Jind,2014,Pigeonpea,0.0,0.0
Jind,2014,Minor Pulses,0.02,0.02
Jind,2014,Groundnut,0.0,0.0
Jind,2014,Sesamum,0.0,0.0
Jind,2014,Rapeseed And Mustard,3.18,3.18
Jind,2014,Safflower,0.0,0.0
Jind,2014,Castor,0.0,0.0
Jind,2014,Linseed,0.0,0.0
Jind,2014,Sunflower,0.0,0.0
Jind,2014,Soyabean,0.0,0.0
Jind,2014,Oilseeds,3.53,3.18
Jind,2014,Sugarcane,4.54,30.95
Jind,2014,Cotton,77.8,37.39
Jind,2015,Rice,158.14,401.2
Jind,2015,Wheat,248.3,1089.46
Jind,2015,Kharif Sorghum,0.0,0.0
Jind,2015,Rabi Sorghum,0.0,0.0
Jind,2015,Sorghum,0.0,0.0
Jind,2015,Pearl Millet,12.45,22.72
Jind,2015,Maize,0.0,0.0
Jind,2015,Finger Millet,0.0,0.0
Jind,2015,Barley,1.0,3.0
Jind,2015,Chickpea,0.0,0.0
Jind,2015,Pigeonpea,0.0,0.0
Jind,2015,Minor Pulses,0.02,0.0
Jind,2015,Groundnut,0.0,0.0
Jind,2015,Sesamum,0.0,0.1
Jind,2015,Rapeseed And Mustard,4.13,7.36
Jind,2015,Safflower,0.0,0.0
Jind,2015,Castor,0.0,0.0
Jind,2015,Linseed,0.0,0.0
Jind,2015,Sunflower,0.0,0.0
Jind,2015,Soyabean,0.0,0.0
Jind,2015,Oilseeds,4.13,7.46
Jind,2015,Sugarcane,0.0,0.0
Jind,2015,Cotton,73.91,13.95
Jind,2016,Rice,164.16,448.36
Jind,2016,Wheat,248.14,1210.98
Jind,2016,Kharif Sorghum,0.0,0.0
Jind,2016,Rabi Sorghum,0.0,0.0
Jind,2016,Sorghum,0.0,0.0
Jind,2016,Pearl Millet,19.54,35.08
Jind,2016,Maize,0.0,0.0
Jind,2016,Finger Millet,0.0,0.0
Jind,2016,Barley,0.0,0.0
Jind,2016,Chickpea,0.0,0.0
Jind,2016,Pigeonpea,0.0,0.0
Jind,2016,Minor Pulses,0.19,2.15
Jind,2016,Groundnut,0.0,0.0
Jind,2016,Sesamum,0.0,0.1
Jind,2016,Rapeseed And Mustard,4.18,8.18
Jind,2016,Safflower,0.0,0.0
Jind,2016,Castor,0.0,0.0
Jind,2016,Linseed,0.0,0.0
Jind,2016,Sunflower,0.0,0.0
Jind,2016,Soyabean,0.0,0.0
Jind,2016,Oilseeds,4.18,8.28
Jind,2016,Sugarcane,5.72,44.84
Jind,2016,Cotton,60.44,32.08
Jind,2017,Rice,165.65,491.38
Jind,2017,Wheat,247.65,1241.38
Jind,2017,Kharif Sorghum,0.0,0.0
Jind,2017,Rabi Sorghum,0.0,0.0
Jind,2017,Sorghum,0.0,0.0
Jind,2017,Pearl Millet,14.35,25.08
Jind,2017,Maize,0.0,0.0
Jind,2017,Finger Millet,0.0,0.0
Jind,2017,Barley,0.3,0.0
Jind,2017,Chickpea,0.1,0.0
Jind,2017,Pigeonpea,0.0,0.0
Jind,2017,Minor Pulses,0.2,0.0
Jind,2017,Groundnut,0.0,0.0
Jind,2017,Sesamum,0.0,0.0
Jind,2017,Rapeseed And Mustard,5.06,10.54
Jind,2017,Safflower,0.0,0.0
Jind,2017,Castor,0.0,0.0
Jind,2017,Linseed,0.0,0.0
Jind,2017,Sunflower,0.0,0.0
Jind,2017,Soyabean,0.0,0.0
Jind,2017,Oilseeds,5.16,10.54
Jind,2017,Sugarcane,0.0,0.0
Jind,2017,Cotton,63.9,31.85
Mahendragarh / Narnaul,2010,Rice,8.53,19.72
Mahendragarh / Narnaul,2010,Wheat,136.05,630.31
Mahendragarh / Narnaul,2010,Kharif Sorghum,0.87,0.87
Mahendragarh / Narnaul,2010,Rabi Sorghum,0.0,0.0
Mahendragarh / Narnaul,2010,Sorghum,0.87,0.87
Mahendragarh / Narnaul,2010,Pearl Millet,227.73,404.16
Mahendragarh / Narnaul,2010,Maize,0.03,0.0
Mahendragarh / Narnaul,2010,Finger Millet,0.0,0.0
Mahendragarh / Narnaul,2010,Barley,4.9,15.76
Mahendragarh / Narnaul,2010,Chickpea,30.88,31.14
Mahendragarh / Narnaul,2010,Pigeonpea,0.0,0.0
Mahendragarh / Narnaul,2010,Minor Pulses,0.0,0.0
Mahendragarh / Narnaul,2010,Groundnut,0.19,0.1
Mahendragarh / Narnaul,2010,Sesamum,0.49,0.17
Mahendragarh / Narnaul,2010,Rapeseed And Mustard,183.88,348.77
Mahendragarh / Narnaul,2010,Safflower,0.0,0.0
Mahendragarh / Narnaul,2010,Castor,0.0,0.0
Mahendragarh / Narnaul,2010,Linseed,0.0,0.0
Mahendragarh / Narnaul,2010,Sunflower,0.0,0.0
Mahendragarh / Narnaul,2010,Soyabean,0.0,0.0
Mahendragarh / Narnaul,2010,Oilseeds,184.56,349.04
Mahendragarh / Narnaul,2010,Sugarcane,0.32,2.61
Mahendragarh / Narnaul,2010,Cotton,11.06,6.35
Mahendragarh / Narnaul,2011,Rice,7.95,21.17
Mahendragarh / Narnaul,2011,Wheat,126.93,586.3
Mahendragarh / Narnaul,2011,Kharif Sorghum,0.78,0.87
Mahendragarh / Narnaul,2011,Rabi Sorghum,0.0,0.0
Mahendragarh / Narnaul,2011,Sorghum,0.78,0.87
Mahendragarh / Narnaul,2011,Pearl Millet,217.4,470.31
Mahendragarh / Narnaul,2011,Maize,0.0,0.0
Mahendragarh / Narnaul,2011,Finger Millet,0.0,0.0
Mahendragarh / Narnaul,2011,Barley,6.27,21.43
Mahendragarh / Narnaul,2011,Chickpea,21.1,20.18
Mahendragarh / Narnaul,2011,Pigeonpea,0.0,0.0
Mahendragarh / Narnaul,2011,Minor Pulses,0.0,0.0
Mahendragarh / Narnaul,2011,Groundnut,0.19,0.19
Mahendragarh / Narnaul,2011,Sesamum,0.35,0.12
Mahendragarh / Narnaul,2011,Rapeseed And Mustard,203.48,242.82
Mahendragarh / Narnaul,2011,Safflower,0.0,0.0
Mahendragarh / Narnaul,2011,Castor,0.0,0.0
Mahendragarh / Narnaul,2011,Linseed,0.0,0.0
Mahendragarh / Narnaul,2011,Sunflower,0.0,0.0
Mahendragarh / Narnaul,2011,Soyabean,0.0,0.0
Mahendragarh / Narnaul,2011,Oilseeds,204.15,243.22
Mahendragarh / Narnaul,2011,Sugarcane,0.73,4.64
Mahendragarh / Narnaul,2011,Cotton,20.14,11.79
Mahendragarh / Narnaul,2012,Rice,6.09,17.69
Mahendragarh / Narnaul,2012,Wheat,128.83,588.67
Mahendragarh / Narnaul,2012,Kharif Sorghum,0.45,0.0
Mahendragarh / Narnaul,2012,Rabi Sorghum,0.0,0.0
Mahendragarh / Narnaul,2012,Sorghum,0.45,0.0
Mahendragarh / Narnaul,2012,Pearl Millet,159.51,318.93
Mahendragarh / Narnaul,2012,Maize,0.02,0.0
Mahendragarh / Narnaul,2012,Finger Millet,0.0,0.0
Mahendragarh / Narnaul,2012,Barley,5.8,21.4
Mahendragarh / Narnaul,2012,Chickpea,15.01,18.41
Mahendragarh / Narnaul,2012,Pigeonpea,0.55,0.61
Mahendragarh / Narnaul,2012,Minor Pulses,0.66,5.28
Mahendragarh / Narnaul,2012,Groundnut,0.1,0.11
Mahendragarh / Narnaul,2012,Sesamum,0.22,0.08
Mahendragarh / Narnaul,2012,Rapeseed And Mustard,202.35,368.03
Mahendragarh / Narnaul,2012,Safflower,0.0,0.0
Mahendragarh / Narnaul,2012,Castor,0.02,0.01
Mahendragarh / Narnaul,2012,Linseed,0.0,0.0
Mahendragarh / Narnaul,2012,Sunflower,0.0,0.0
Mahendragarh / Narnaul,2012,Soyabean,0.0,0.0
Mahendragarh / Narnaul,2012,Oilseeds,202.67,368.39
Mahendragarh / Narnaul,2012,Sugarcane,0.74,3.71
Mahendragarh / Narnaul,2012,Cotton,24.17,13.98
Mahendragarh / Narnaul,2013,Rice,6.38,16.24
Mahendragarh / Narnaul,2013,Wheat,133.58,628.88
Mahendragarh / Narnaul,2013,Kharif Sorghum,1.45,1.16
Mahendragarh / Narnaul,2013,Rabi Sorghum,0.0,0.0
Mahendragarh / Narnaul,2013,Sorghum,1.45,1.16
Mahendragarh / Narnaul,2013,Pearl Millet,167.43,383.11
Mahendragarh / Narnaul,2013,Maize,0.0,0.0
Mahendragarh / Narnaul,2013,Finger Millet,0.0,0.0
Mahendragarh / Narnaul,2013,Barley,5.64,21.27
Mahendragarh / Narnaul,2013,Chickpea,26.76,24.02
Mahendragarh / Narnaul,2013,Pigeonpea,0.42,0.48
Mahendragarh / Narnaul,2013,Minor Pulses,0.49,0.26
Mahendragarh / Narnaul,2013,Groundnut,0.03,0.03
Mahendragarh / Narnaul,2013,Sesamum,0.2,0.12
Mahendragarh / Narnaul,2013,Rapeseed And Mustard,190.37,325.16
Mahendragarh / Narnaul,2013,Safflower,0.0,0.0
Mahendragarh / Narnaul,2013,Castor,0.0,0.0
Mahendragarh / Narnaul,2013,Linseed,0.0,0.0
Mahendragarh / Narnaul,2013,Sunflower,0.0,0.0
Mahendragarh / Narnaul,2013,Soyabean,0.0,0.0
Mahendragarh / Narnaul,2013,Oilseeds,190.99,325.31
Mahendragarh / Narnaul,2013,Sugarcane,0.58,4.38
Mahendragarh / Narnaul,2013,Cotton,22.27,11.6
Mahendragarh / Narnaul,2014,Rice,7.83,13.92
Mahendragarh / Narnaul,2014,Wheat,156.01,608.94
Mahendragarh / Narnaul,2014,Kharif Sorghum,1.45,0.29
Mahendragarh / Narnaul,2014,Rabi Sorghum,0.0,0.0
Mahendragarh / Narnaul,2014,Sorghum,1.45,0.29
Mahendragarh / Narnaul,2014,Pearl Millet,168.4,306.22
Mahendragarh / Narnaul,2014,Maize,0.0,0.0
Mahendragarh / Narnaul,2014,Finger Millet,0.0,0.0
Mahendragarh / Narnaul,2014,Barley,4.93,14.5
Mahendragarh / Narnaul,2014,Chickpea,18.6,11.25
Mahendragarh / Narnaul,2014,Pigeonpea,0.0,0.0
Mahendragarh / Narnaul,2014,Minor Pulses,1.61,0.59
Mahendragarh / Narnaul,2014,Groundnut,0.0,0.0
Mahendragarh / Narnaul,2014,Sesamum,0.0,0.0
Mahendragarh / Narnaul,2014,Rapeseed And Mustard,182.09,271.04
Mahendragarh / Narnaul,2014,Safflower,0.0,0.0
Mahendragarh / Narnaul,2014,Castor,0.0,0.0
Mahendragarh / Narnaul,2014,Linseed,0.0,0.0
Mahendragarh / Narnaul,2014,Sunflower,0.0,0.0
Mahendragarh / Narnaul,2014,Soyabean,0.0,0.0
Mahendragarh / Narnaul,2014,Oilseeds,181.98,275.22
Mahendragarh / Narnaul,2014,Sugarcane,0.58,4.41
Mahendragarh / Narnaul,2014,Cotton,36.87,16.9
Mahendragarh / Narnaul,2015,Rice,8.99,20.59
Mahendragarh / Narnaul,2015,Wheat,147.86,610.68
Mahendragarh / Narnaul,2015,Kharif Sorghum,0.58,0.29
Mahendragarh / Narnaul,2015,Rabi Sorghum,0.0,0.0
Mahendragarh / Narnaul,2015,Sorghum,0.58,0.29
Mahendragarh / Narnaul,2015,Pearl Millet,158.02,269.56
Mahendragarh / Narnaul,2015,Maize,0.0,0.0
Mahendragarh / Narnaul,2015,Finger Millet,0.0,0.0
Mahendragarh / Narnaul,2015,Barley,4.06,14.5
Mahendragarh / Narnaul,2015,Chickpea,9.09,5.19
Mahendragarh / Narnaul,2015,Pigeonpea,0.0,0.0
Mahendragarh / Narnaul,2015,Minor Pulses,1.38,0.35
Mahendragarh / Narnaul,2015,Groundnut,0.13,0.22
Mahendragarh / Narnaul,2015,Sesamum,0.78,0.41
Mahendragarh / Narnaul,2015,Rapeseed And Mustard,181.47,295.17
Mahendragarh / Narnaul,2015,Safflower,0.0,0.0
Mahendragarh / Narnaul,2015,Castor,0.0,0.0
Mahendragarh / Narnaul,2015,Linseed,0.0,0.0
Mahendragarh / Narnaul,2015,Sunflower,0.0,0.0
Mahendragarh / Narnaul,2015,Soyabean,0.0,0.0
Mahendragarh / Narnaul,2015,Oilseeds,182.38,295.79
Mahendragarh / Narnaul,2015,Sugarcane,0.0,0.0
Mahendragarh / Narnaul,2015,Cotton,50.06,17.11
Mahendragarh / Narnaul,2016,Rice,10.24,21.75
Mahendragarh / Narnaul,2016,Wheat,144.08,671.29
Mahendragarh / Narnaul,2016,Kharif Sorghum,0.0,0.0
Mahendragarh / Narnaul,2016,Rabi Sorghum,0.0,0.0
Mahendragarh / Narnaul,2016,Sorghum,1.22,0.58
Mahendragarh / Narnaul,2016,Pearl Millet,190.77,412.44
Mahendragarh / Narnaul,2016,Maize,0.0,0.0
Mahendragarh / Narnaul,2016,Finger Millet,0.0,0.0
Mahendragarh / Narnaul,2016,Barley,2.68,9.57
Mahendragarh / Narnaul,2016,Chickpea,16.03,19.94
Mahendragarh / Narnaul,2016,Pigeonpea,0.0,0.0
Mahendragarh / Narnaul,2016,Minor Pulses,5.5,27.88
Mahendragarh / Narnaul,2016,Groundnut,0.09,0.12
Mahendragarh / Narnaul,2016,Sesamum,0.35,0.46
Mahendragarh / Narnaul,2016,Rapeseed And Mustard,184.57,367.45
Mahendragarh / Narnaul,2016,Safflower,0.0,0.0
Mahendragarh / Narnaul,2016,Castor,0.0,0.0
Mahendragarh / Narnaul,2016,Linseed,0.0,0.0
Mahendragarh / Narnaul,2016,Sunflower,0.0,0.0
Mahendragarh / Narnaul,2016,Soyabean,0.0,0.0
Mahendragarh / Narnaul,2016,Oilseeds,184.98,368.03
Mahendragarh / Narnaul,2016,Sugarcane,1.1,7.25
Mahendragarh / Narnaul,2016,Cotton,44.08,24.67
Mahendragarh / Narnaul,2017,Rice,10.59,25.52
Mahendragarh / Narnaul,2017,Wheat,139.03,617.32
Mahendragarh / Narnaul,2017,Kharif Sorghum,0.0,0.0
Mahendragarh / Narnaul,2017,Rabi Sorghum,0.0,0.0
Mahendragarh / Narnaul,2017,Sorghum,1.13,0.29
Mahendragarh / Narnaul,2017,Pearl Millet,186.69,293.16
Mahendragarh / Narnaul,2017,Maize,0.03,0.0
Mahendragarh / Narnaul,2017,Finger Millet,0.0,0.0
Mahendragarh / Narnaul,2017,Barley,2.7,9.99
Mahendragarh / Narnaul,2017,Chickpea,9.1,8.9
Mahendragarh / Narnaul,2017,Pigeonpea,0.0,0.0
Mahendragarh / Narnaul,2017,Minor Pulses,1.91,16.5
Mahendragarh / Narnaul,2017,Groundnut,0.09,0.09
Mahendragarh / Narnaul,2017,Sesamum,0.23,0.12
Mahendragarh / Narnaul,2017,Rapeseed And Mustard,188.61,378.14
Mahendragarh / Narnaul,2017,Safflower,0.0,0.0
Mahendragarh / Narnaul,2017,Castor,0.0,0.0
Mahendragarh / Narnaul,2017,Linseed,0.0,0.0
Mahendragarh / Narnaul,2017,Sunflower,0.0,0.0
Mahendragarh / Narnaul,2017,Soyabean,0.0,0.0
Mahendragarh / Narnaul,2017,Oilseeds,188.92,378.34
Mahendragarh / Narnaul,2017,Sugarcane,0.0,0.0
Mahendragarh / Narnaul,2017,Cotton,65.72,30.82
Ambala,2010,Rice,165.6,556.0
Ambala,2010,Wheat,186.5,734.0
Ambala,2010,Kharif Sorghum,0.7,1.0
Ambala,2010,Rabi Sorghum,0.0,0.0
Ambala,2010,Sorghum,0.7,1.0
Ambala,2010,Pearl Millet,2.6,4.0
Ambala,2010,Maize,7.9,15.0
Ambala,2010,Finger Millet,0.0,0.0
Ambala,2010,Barley,0.0,0.0
Ambala,2010,Chickpea,0.5,0.0
Ambala,2010,Pigeonpea,0.0,0.0
Ambala,2010,Minor Pulses,0.0,0.0
Ambala,2010,Groundnut,0.0,0.1
Ambala,2010,Sesamum,0.1,0.0
Ambala,2010,Rapeseed And Mustard,5.0,10.0
Ambala,2010,Safflower,0.0,0.0
Ambala,2010,Castor,0.0,0.0
Ambala,2010,Linseed,0.0,0.0
Ambala,2010,Sunflower,0.0,0.0
Ambala,2010,Soyabean,0.0,0.0
Ambala,2010,Oilseeds,5.8,11.4
Ambala,2010,Sugarcane,35.3,238.0
Ambala,2010,Cotton,0.0,0.0
Ambala,2011,Rice,164.5,615.0
Ambala,2011,Wheat,187.8,936.0
Ambala,2011,Kharif Sorghum,0.0,0.0
Ambala,2011,Rabi Sorghum,0.0,0.0
Ambala,2011,Sorghum,0.0,0.0
Ambala,2011,Pearl Millet,2.1,4.0
Ambala,2011,Maize,8.5,21.0
Ambala,2011,Finger Millet,0.0,0.0
Ambala,2011,Barley,0.0,0.0
Ambala,2011,Chickpea,0.4,0.0
Ambala,2011,Pigeonpea,0.0,0.0
Ambala,2011,Minor Pulses,0.0,0.0
Ambala,2011,Groundnut,0.1,0.0
Ambala,2011,Sesamum,0.0,0.0
Ambala,2011,Rapeseed And Mustard,5.3,6.0
Ambala,2011,Safflower,0.0,0.0
Ambala,2011,Castor,0.0,0.0
Ambala,2011,Linseed,0.0,0.0
Ambala,2011,Sunflower,0.0,0.0
Ambala,2011,Soyabean,0.0,0.0
Ambala,2011,Oilseeds,5.7,7.0
Ambala,2011,Sugarcane,36.0,244.0
Ambala,2011,Cotton,0.0,0.0
Ambala,2012,Rice,162.13,645.0
Ambala,2012,Wheat,189.09,794.0
Ambala,2012,Kharif Sorghum,0.0,0.0
Ambala,2012,Rabi Sorghum,0.0,0.0
Ambala,2012,Sorghum,0.0,0.0
Ambala,2012,Pearl Millet,2.09,4.0
Ambala,2012,Maize,7.64,20.0
Ambala,2012,Finger Millet,0.0,0.0
Ambala,2012,Barley,0.07,0.0
Ambala,2012,Chickpea,0.3,0.0
Ambala,2012,Pigeonpea,0.03,0.02
Ambala,2012,Minor Pulses,3.87,24.08
Ambala,2012,Groundnut,0.02,0.02
Ambala,2012,Sesamum,0.04,0.02
Ambala,2012,Rapeseed And Mustard,6.24,10.2
Ambala,2012,Safflower,0.0,0.0
Ambala,2012,Castor,0.0,0.0
Ambala,2012,Linseed,0.0,0.0
Ambala,2012,Sunflower,0.42,0.8
Ambala,2012,Soyabean,0.0,0.0
Ambala,2012,Oilseeds,6.8,10.3
Ambala,2012,Sugarcane,37.79,285.4
Ambala,2012,Cotton,0.0,0.0
Ambala,2013,Rice,158.0,600.0
Ambala,2013,Wheat,188.0,842.0
Ambala,2013,Kharif Sorghum,0.0,0.0
Ambala,2013,Rabi Sorghum,0.0,0.0
Ambala,2013,Sorghum,0.0,0.0
Ambala,2013,Pearl Millet,1.0,2.0
Ambala,2013,Maize,7.0,21.0
Ambala,2013,Finger Millet,0.0,0.0
Ambala,2013,Barley,0.0,0.0
Ambala,2013,Chickpea,0.0,0.0
Ambala,2013,Pigeonpea,0.0,0.0
Ambala,2013,Minor Pulses,3.5,1.9
Ambala,2013,Groundnut,0.0,0.0
Ambala,2013,Sesamum,0.0,0.0
Ambala,2013,Rapeseed And Mustard,4.0,8.0
Ambala,2013,Safflower,0.0,0.0
Ambala,2013,Castor,0.0,0.0
Ambala,2013,Linseed,0.0,0.0
Ambala,2013,Sunflower,0.5,0.8
Ambala,2013,Soyabean,0.0,0.0
Ambala,2013,Oilseeds,6.0,10.8
Ambala,2013,Sugarcane,37.0,256.6
Ambala,2013,Cotton,0.0,0.0
Ambala,2014,Rice,163.0,596.0
Ambala,2014,Wheat,194.0,713.0
Ambala,2014,Kharif Sorghum,0.0,0.0
Ambala,2014,Rabi Sorghum,0.0,0.0
Ambala,2014,Sorghum,0.0,0.0
Ambala,2014,Pearl Millet,1.0,2.0
Ambala,2014,Maize,6.0,12.0
Ambala,2014,Finger Millet,0.0,0.0
Ambala,2014,Barley,0.0,0.0
Ambala,2014,Chickpea,0.0,0.0
Ambala,2014,Pigeonpea,0.0,0.0
Ambala,2014,Minor Pulses,2.8,1.6
Ambala,2014,Groundnut,0.0,0.0
Ambala,2014,Sesamum,0.0,0.0
Ambala,2014,Rapeseed And Mustard,3.0,3.0
Ambala,2014,Safflower,0.0,0.0
Ambala,2014,Castor,0.0,0.0
Ambala,2014,Linseed,0.0,0.0
Ambala,2014,Sunflower,2.0,4.0
Ambala,2014,Soyabean,0.0,0.0
Ambala,2014,Oilseeds,8.0,10.1
Ambala,2014,Sugarcane,37.0,259.3
Ambala,2014,Cotton,0.0,0.0
Ambala,2015,Rice,167.8,638.0
Ambala,2015,Wheat,196.2,846.0
Ambala,2015,Kharif Sorghum,0.0,0.0
Ambala,2015,Rabi Sorghum,0.0,0.0
Ambala,2015,Sorghum,0.0,0.0
Ambala,2015,Pearl Millet,1.4,2.0
Ambala,2015,Maize,4.3,14.0
Ambala,2015,Finger Millet,0.0,0.0
Ambala,2015,Barley,0.0,0.0
Ambala,2015,Chickpea,0.2,0.0
Ambala,2015,Pigeonpea,0.0,0.0
Ambala,2015,Minor Pulses,2.6,1.3
Ambala,2015,Groundnut,0.0,0.0
Ambala,2015,Sesamum,0.1,0.1
Ambala,2015,Rapeseed And Mustard,4.6,6.0
Ambala,2015,Safflower,0.0,0.0
Ambala,2015,Castor,0.0,0.0
Ambala,2015,Linseed,0.0,0.0
Ambala,2015,Sunflower,0.0,0.0
Ambala,2015,Soyabean,0.0,0.0
Ambala,2015,Oilseeds,8.3,13.1
Ambala,2015,Sugarcane,0.0,0.0
Ambala,2015,Cotton,0.0,0.0
Ambala,2016,Rice,167.3,645.0
Ambala,2016,Wheat,193.2,860.0
Ambala,2016,Kharif Sorghum,0.0,0.0
Ambala,2016,Rabi Sorghum,0.0,0.0
Ambala,2016,Sorghum,0.0,0.0
Ambala,2016,Pearl Millet,0.3,3.0
Ambala,2016,Maize,3.7,10.0
Ambala,2016,Finger Millet,0.0,0.0
Ambala,2016,Barley,0.0,2.0
Ambala,2016,Chickpea,0.2,0.0
Ambala,2016,Pigeonpea,0.0,0.0
Ambala,2016,Minor Pulses,2.4,13.6
Ambala,2016,Groundnut,0.0,0.0
Ambala,2016,Sesamum,0.0,0.0
Ambala,2016,Rapeseed And Mustard,4.9,4.0
Ambala,2016,Safflower,0.0,0.0
Ambala,2016,Castor,0.0,0.0
Ambala,2016,Linseed,0.0,0.0
Ambala,2016,Sunflower,0.0,0.0
Ambala,2016,Soyabean,0.0,0.0
Ambala,2016,Oilseeds,8.2,11.2
Ambala,2016,Sugarcane,33.3,270.0
Ambala,2016,Cotton,0.0,0.0
Ambala,2017,Rice,170.6,681.0
Ambala,2017,Wheat,194.2,898.0
Ambala,2017,Kharif Sorghum,0.0,0.0
Ambala,2017,Rabi Sorghum,0.0,0.0
Ambala,2017,Sorghum,0.0,0.0
Ambala,2017,Pearl Millet,1.1,2.0
Ambala,2017,Maize,5.2,15.0
Ambala,2017,Finger Millet,0.0,0.0
Ambala,2017,Barley,0.1,0.0
Ambala,2017,Chickpea,0.1,0.5
Ambala,2017,Pigeonpea,0.0,0.0
Ambala,2017,Minor Pulses,0.7,8.5
Ambala,2017,Groundnut,0.0,0.0
Ambala,2017,Sesamum,0.0,0.0
Ambala,2017,Rapeseed And Mustard,5.3,7.2
Ambala,2017,Safflower,0.0,0.0
Ambala,2017,Castor,0.0,0.0
Ambala,2017,Linseed,0.0,0.0
Ambala,2017,Sunflower,0.0,0.0
Ambala,2017,Soyabean,0.0,0.0
Ambala,2017,Oilseeds,7.2,11.0
Ambala,2017,Sugarcane,0.0,0.0
Ambala,2017,Cotton,0.0,0.0
Karnal,2010,Rice,499.53,1375.52
Karnal,2010,Wheat,517.23,2353.7
Karnal,2010,Kharif Sorghum,0.0,0.0
Karnal,2010,Rabi Sorghum,0.0,0.0
Karnal,2010,Sorghum,0.0,0.0
Karnal,2010,Pearl Millet,8.44,13.48
Karnal,2010,Maize,0.3,0.0
Karnal,2010,Finger Millet,0.0,0.0
Karnal,2010,Barley,0.1,0.0
Karnal,2010,Chickpea,0.28,0.0
Karnal,2010,Pigeonpea,0.0,0.0
Karnal,2010,Minor Pulses,0.0,0.0
Karnal,2010,Groundnut,0.0,0.0
Karnal,2010,Sesamum,0.3,0.2
Karnal,2010,Rapeseed And Mustard,3.37,7.64
Karnal,2010,Safflower,0.0,0.0
Karnal,2010,Castor,0.0,0.0
Karnal,2010,Linseed,0.0,0.0
Karnal,2010,Sunflower,0.0,0.0
Karnal,2010,Soyabean,0.0,0.0
Karnal,2010,Oilseeds,6.86,13.94
Karnal,2010,Sugarcane,27.54,212.3
Karnal,2010,Cotton,3.53,1.64
Karnal,2011,Rice,492.5,1539.02
Karnal,2011,Wheat,512.54,2840.26
Karnal,2011,Kharif Sorghum,0.0,0.0
Karnal,2011,Rabi Sorghum,0.0,0.0
Karnal,2011,Sorghum,0.0,0.0
Karnal,2011,Pearl Millet,6.16,14.3
Karnal,2011,Maize,1.0,3.0
Karnal,2011,Finger Millet,0.0,0.0
Karnal,2011,Barley,0.2,0.0
Karnal,2011,Chickpea,0.28,0.0
Karnal,2011,Pigeonpea,0.0,0.0
Karnal,2011,Minor Pulses,0.0,0.0
Karnal,2011,Groundnut,0.0,0.0
Karnal,2011,Sesamum,0.0,0.0
Karnal,2011,Rapeseed And Mustard,4.06,4.82
Karnal,2011,Safflower,0.0,0.0
Karnal,2011,Castor,0.0,0.0
Karnal,2011,Linseed,0.0,0.0
Karnal,2011,Sunflower,0.0,0.0
Karnal,2011,Soyabean,0.0,0.0
Karnal,2011,Oilseeds,6.76,7.62
Karnal,2011,Sugarcane,29.53,236.12
Karnal,2011,Cotton,6.97,5.16
Karnal,2012,Rice,489.8,1678.84
Karnal,2012,Wheat,512.65,2389.92
Karnal,2012,Kharif Sorghum,0.01,0.0
Karnal,2012,Rabi Sorghum,0.0,0.0
Karnal,2012,Sorghum,0.01,0.0
Karnal,2012,Pearl Millet,5.07,12.66
Karnal,2012,Maize,0.57,0.0
Karnal,2012,Finger Millet,0.0,0.0
Karnal,2012,Barley,0.09,0.0
Karnal,2012,Chickpea,0.29,0.0
Karnal,2012,Pigeonpea,0.35,0.34
Karnal,2012,Minor Pulses,2.21,11.09
Karnal,2012,Groundnut,0.0,0.0
Karnal,2012,Sesamum,0.04,0.03
Karnal,2012,Rapeseed And Mustard,4.63,8.84
Karnal,2012,Safflower,0.0,0.0
Karnal,2012,Castor,0.0,0.0
Karnal,2012,Linseed,0.0,0.0
Karnal,2012,Sunflower,3.48,7.6
Karnal,2012,Soyabean,0.0,0.0
Karnal,2012,Oilseeds,8.24,9.54
Karnal,2012,Sugarcane,29.86,254.52
Karnal,2012,Cotton,8.4,6.55
Karnal,2013,Rice,484.56,1677.4
Karnal,2013,Wheat,512.68,2499.16
Karnal,2013,Kharif Sorghum,0.0,0.0
Karnal,2013,Rabi Sorghum,0.0,0.0
Karnal,2013,Sorghum,0.0,0.0
Karnal,2013,Pearl Millet,4.28,10.2
Karnal,2013,Maize,0.0,0.0
Karnal,2013,Finger Millet,0.0,0.0
Karnal,2013,Barley,0.0,0.0
Karnal,2013,Chickpea,0.0,0.0
Karnal,2013,Pigeonpea,0.3,0.3
Karnal,2013,Minor Pulses,2.06,2.58
Karnal,2013,Groundnut,0.0,0.0
Karnal,2013,Sesamum,0.0,0.0
Karnal,2013,Rapeseed And Mustard,4.82,8.64
Karnal,2013,Safflower,0.0,0.0
Karnal,2013,Castor,0.0,0.0
Karnal,2013,Linseed,0.0,0.0
Karnal,2013,Sunflower,3.4,10.3
Karnal,2013,Soyabean,0.0,0.0
Karnal,2013,Oilseeds,8.16,18.94
Karnal,2013,Sugarcane,34.28,266.55
Karnal,2013,Cotton,9.02,6.55
Karnal,2014,Rice,489.02,1575.4
Karnal,2014,Wheat,514.5,2074.08
Karnal,2014,Kharif Sorghum,0.0,0.0
Karnal,2014,Rabi Sorghum,0.0,0.0
Karnal,2014,Sorghum,0.0,0.0
Karnal,2014,Pearl Millet,2.64,6.1
Karnal,2014,Maize,1.0,2.0
Karnal,2014,Finger Millet,0.0,0.0
Karnal,2014,Barley,0.0,0.0
Karnal,2014,Chickpea,0.0,0.0
Karnal,2014,Pigeonpea,0.0,0.0
Karnal,2014,Minor Pulses,1.78,0.68
Karnal,2014,Groundnut,0.0,0.0
Karnal,2014,Sesamum,0.0,0.0
Karnal,2014,Rapeseed And Mustard,3.82,3.82
Karnal,2014,Safflower,0.0,0.0
Karnal,2014,Castor,0.0,0.0
Karnal,2014,Linseed,0.0,0.0
Karnal,2014,Sunflower,0.0,0.0
Karnal,2014,Soyabean,0.0,0.0
Karnal,2014,Oilseeds,8.67,30.82
Karnal,2014,Sugarcane,30.46,250.95
Karnal,2014,Cotton,8.2,4.6
Karnal,2015,Rice,488.46,1543.8
Karnal,2015,Wheat,514.4,2394.54
Karnal,2015,Kharif Sorghum,2.1,1.0
Karnal,2015,Rabi Sorghum,0.0,0.0
Karnal,2015,Sorghum,2.1,1.0
Karnal,2015,Pearl Millet,3.05,5.28
Karnal,2015,Maize,1.3,3.0
Karnal,2015,Finger Millet,0.0,0.0
Karnal,2015,Barley,0.0,0.0
Karnal,2015,Chickpea,0.1,0.0
Karnal,2015,Pigeonpea,0.0,0.0
Karnal,2015,Minor Pulses,2.38,0.8
Karnal,2015,Groundnut,0.0,0.0
Karnal,2015,Sesamum,0.0,0.0
Karnal,2015,Rapeseed And Mustard,4.77,9.64
Karnal,2015,Safflower,0.0,0.0
Karnal,2015,Castor,0.0,0.0
Karnal,2015,Linseed,0.0,0.0
Karnal,2015,Sunflower,0.0,0.0
Karnal,2015,Soyabean,0.0,0.0
Karnal,2015,Oilseeds,9.57,24.14
Karnal,2015,Sugarcane,0.0,0.0
Karnal,2015,Cotton,8.79,2.07
Karnal,2016,Rice,498.94,1700.64
Karnal,2016,Wheat,527.36,2543.02
Karnal,2016,Kharif Sorghum,0.0,0.0
Karnal,2016,Rabi Sorghum,0.0,0.0
Karnal,2016,Sorghum,1.8,0.0
Karnal,2016,Pearl Millet,2.86,4.92
Karnal,2016,Maize,1.5,1.0
Karnal,2016,Finger Millet,0.0,0.0
Karnal,2016,Barley,0.2,0.0
Karnal,2016,Chickpea,0.0,0.0
Karnal,2016,Pigeonpea,0.0,0.0
Karnal,2016,Minor Pulses,2.11,19.35
Karnal,2016,Groundnut,0.0,0.0
Karnal,2016,Sesamum,0.0,0.0
Karnal,2016,Rapeseed And Mustard,4.32,7.92
Karnal,2016,Safflower,0.0,0.0
Karnal,2016,Castor,0.0,0.0
Karnal,2016,Linseed,0.0,0.0
Karnal,2016,Sunflower,0.0,0.0
Karnal,2016,Soyabean,0.0,0.0
Karnal,2016,Oilseeds,9.62,18.82
Karnal,2016,Sugarcane,31.98,287.16
Karnal,2016,Cotton,6.56,2.66
Karnal,2017,Rice,508.45,1927.62
Karnal,2017,Wheat,515.45,2536.62
Karnal,2017,Kharif Sorghum,0.0,0.0
Karnal,2017,Rabi Sorghum,0.0,0.0
Karnal,2017,Sorghum,0.0,0.0
Karnal,2017,Pearl Millet,2.45,4.92
Karnal,2017,Maize,0.2,0.0
Karnal,2017,Finger Millet,0.0,0.0
Karnal,2017,Barley,0.0,0.0
Karnal,2017,Chickpea,0.2,0.1
Karnal,2017,Pigeonpea,0.0,0.0
Karnal,2017,Minor Pulses,0.9,17.0
Karnal,2017,Groundnut,0.0,0.0
Karnal,2017,Sesamum,0.0,0.0
Karnal,2017,Rapeseed And Mustard,4.74,10.56
Karnal,2017,Safflower,0.0,0.0
Karnal,2017,Castor,0.0,0.0
Karnal,2017,Linseed,0.0,0.0
Karnal,2017,Sunflower,0.0,0.0
Karnal,2017,Soyabean,0.0,0.0
Karnal,2017,Oilseeds,7.94,16.26
Karnal,2017,Sugarcane,0.0,0.0
Karnal,2017,Cotton,5.9,3.25
Rohtak,2010,Rice,164.35,324.04
Rohtak,2010,Wheat,352.86,1619.59
Rohtak,2010,Kharif Sorghum,45.03,23.13
Rohtak,2010,Rabi Sorghum,0.0,0.0
Rohtak,2010,Sorghum,45.03,23.13
Rohtak,2010,Pearl Millet,90.37,150.38
Rohtak,2010,Maize,1.2,4.0
Rohtak,2010,Finger Millet,0.0,0.0
Rohtak,2010,Barley,4.37,14.52
Rohtak,2010,Chickpea,1.51,2.0
Rohtak,2010,Pigeonpea,0.0,0.0
Rohtak,2010,Minor Pulses,0.0,0.0
Rohtak,2010,Groundnut,0.11,0.1
Rohtak,2010,Sesamum,0.14,0.01
Rohtak,2010,Rapeseed And Mustard,51.61,91.25
Rohtak,2010,Safflower,0.0,0.0
Rohtak,2010,Castor,0.0,0.0
Rohtak,2010,Linseed,0.0,0.0
Rohtak,2010,Sunflower,0.0,0.0
Rohtak,2010,Soyabean,0.0,0.0
Rohtak,2010,Oilseeds,51.96,91.36
Rohtak,2010,Sugarcane,13.7,104.0
Rohtak,2010,Cotton,8.16,2.24
Rohtak,2011,Rice,165.43,381.17
Rohtak,2011,Wheat,369.48,1918.2
Rohtak,2011,Kharif Sorghum,40.62,20.13
Rohtak,2011,Rabi Sorghum,0.0,0.0
Rohtak,2011,Sorghum,40.62,20.13
Rohtak,2011,Pearl Millet,77.66,156.11
Rohtak,2011,Maize,1.4,6.0
Rohtak,2011,Finger Millet,0.0,0.0
Rohtak,2011,Barley,6.65,22.04
Rohtak,2011,Chickpea,1.3,1.0
Rohtak,2011,Pigeonpea,0.0,0.0
Rohtak,2011,Minor Pulses,0.0,0.0
Rohtak,2011,Groundnut,0.21,0.21
Rohtak,2011,Sesamum,0.24,0.01
Rohtak,2011,Rapeseed And Mustard,52.86,84.34
Rohtak,2011,Safflower,0.0,0.0
Rohtak,2011,Castor,0.0,0.0
Rohtak,2011,Linseed,0.0,0.0
Rohtak,2011,Sunflower,0.0,0.0
Rohtak,2011,Soyabean,0.0,0.0
Rohtak,2011,Oilseeds,53.11,84.57
Rohtak,2011,Sugarcane,18.7,141.0
Rohtak,2011,Cotton,11.84,7.52
Rohtak,2012,Rice,148.18,324.91
Rohtak,2012,Wheat,347.5,1436.86
Rohtak,2012,Kharif Sorghum,38.29,19.0
Rohtak,2012,Rabi Sorghum,0.0,0.0
Rohtak,2012,Sorghum,38.29,19.0
Rohtak,2012,Pearl Millet,60.2,116.74
Rohtak,2012,Maize,1.53,6.0
Rohtak,2012,Finger Millet,0.0,0.0
Rohtak,2012,Barley,10.78,36.91
Rohtak,2012,Chickpea,1.2,2.0
Rohtak,2012,Pigeonpea,4.53,4.84
Rohtak,2012,Minor Pulses,4.19,48.58
Rohtak,2012,Groundnut,0.08,0.09
Rohtak,2012,Sesamum,0.1,0.03
Rohtak,2012,Rapeseed And Mustard,60.34,100.85
Rohtak,2012,Safflower,0.0,0.0
Rohtak,2012,Castor,0.0,0.0
Rohtak,2012,Linseed,0.0,0.0
Rohtak,2012,Sunflower,0.0,0.0
Rohtak,2012,Soyabean,0.0,0.0
Rohtak,2012,Oilseeds,60.49,61.18
Rohtak,2012,Sugarcane,21.02,135.4
Rohtak,2012,Cotton,15.85,8.8
Rohtak,2013,Rice,174.26,406.91
Rohtak,2013,Wheat,348.85,1535.86
Rohtak,2013,Kharif Sorghum,38.13,21.13
Rohtak,2013,Rabi Sorghum,0.0,0.0
Rohtak,2013,Sorghum,38.13,21.13
Rohtak,2013,Pearl Millet,60.8,113.2
Rohtak,2013,Maize,1.0,3.0
Rohtak,2013,Finger Millet,0.0,0.0
Rohtak,2013,Barley,8.26,33.04
Rohtak,2013,Chickpea,2.0,2.0
Rohtak,2013,Pigeonpea,6.31,7.11
Rohtak,2013,Minor Pulses,0.0,0.0
Rohtak,2013,Groundnut,0.2,0.2
Rohtak,2013,Sesamum,0.03,0.01
Rohtak,2013,Rapeseed And Mustard,53.58,83.99
Rohtak,2013,Safflower,0.0,0.0
Rohtak,2013,Castor,0.0,0.0
Rohtak,2013,Linseed,0.0,0.0
Rohtak,2013,Sunflower,0.0,0.0
Rohtak,2013,Soyabean,0.0,0.0
Rohtak,2013,Oilseeds,53.97,84.2
Rohtak,2013,Sugarcane,19.0,140.0
Rohtak,2013,Cotton,19.13,7.55
Rohtak,2014,Rice,164.26,398.78
Rohtak,2014,Wheat,374.5,1363.53
Rohtak,2014,Kharif Sorghum,34.13,18.0
Rohtak,2014,Rabi Sorghum,0.0,0.0
Rohtak,2014,Sorghum,34.13,18.0
Rohtak,2014,Pearl Millet,58.67,106.55
Rohtak,2014,Maize,2.0,4.0
Rohtak,2014,Finger Millet,0.0,0.0
Rohtak,2014,Barley,6.26,14.65
Rohtak,2014,Chickpea,0.0,0.0
Rohtak,2014,Pigeonpea,4.0,2.5
Rohtak,2014,Minor Pulses,0.8,3.81
Rohtak,2014,Groundnut,0.0,0.0
Rohtak,2014,Sesamum,0.0,0.0
Rohtak,2014,Rapeseed And Mustard,41.19,53.61
Rohtak,2014,Safflower,0.0,0.0
Rohtak,2014,Castor,0.0,0.0
Rohtak,2014,Linseed,0.0,0.0
Rohtak,2014,Sunflower,0.0,0.0
Rohtak,2014,Soyabean,0.0,0.0
Rohtak,2014,Oilseeds,40.59,52.72
Rohtak,2014,Sugarcane,18.0,131.4
Rohtak,2014,Cotton,26.26,10.31
Rohtak,2015,Rice,188.46,471.78
Rohtak,2015,Wheat,367.13,1511.38
Rohtak,2015,Kharif Sorghum,34.0,18.0
Rohtak,2015,Rabi Sorghum,0.0,0.0
Rohtak,2015,Sorghum,34.0,18.0
Rohtak,2015,Pearl Millet,62.56,134.16
Rohtak,2015,Maize,0.4,1.0
Rohtak,2015,Finger Millet,0.0,0.0
Rohtak,2015,Barley,4.46,12.91
Rohtak,2015,Chickpea,0.6,0.0
Rohtak,2015,Pigeonpea,0.0,0.0
Rohtak,2015,Minor Pulses,2.2,0.0
Rohtak,2015,Groundnut,0.1,0.11
Rohtak,2015,Sesamum,0.5,0.15
Rohtak,2015,Rapeseed And Mustard,44.39,69.08
Rohtak,2015,Safflower,0.0,0.0
Rohtak,2015,Castor,0.0,0.0
Rohtak,2015,Linseed,0.0,0.0
Rohtak,2015,Sunflower,0.0,0.0
Rohtak,2015,Soyabean,0.0,0.0
Rohtak,2015,Oilseeds,44.99,69.35
Rohtak,2015,Sugarcane,0.0,0.0
Rohtak,2015,Cotton,28.11,10.81
Rohtak,2016,Rice,192.71,439.52
Rohtak,2016,Wheat,348.87,1802.33
Rohtak,2016,Kharif Sorghum,0.0,0.0
Rohtak,2016,Rabi Sorghum,0.0,0.0
Rohtak,2016,Sorghum,26.86,16.0
Rohtak,2016,Pearl Millet,52.17,144.37
Rohtak,2016,Maize,0.7,15.0
Rohtak,2016,Finger Millet,0.0,0.0
Rohtak,2016,Barley,3.9,14.65
Rohtak,2016,Chickpea,0.5,2.0
Rohtak,2016,Pigeonpea,0.0,0.0
Rohtak,2016,Minor Pulses,1.58,11.09
Rohtak,2016,Groundnut,0.11,0.11
Rohtak,2016,Sesamum,0.14,0.06
Rohtak,2016,Rapeseed And Mustard,41.56,91.72
Rohtak,2016,Safflower,0.0,0.0
Rohtak,2016,Castor,0.0,0.0
Rohtak,2016,Linseed,0.0,0.0
Rohtak,2016,Sunflower,0.0,0.0
Rohtak,2016,Soyabean,0.0,0.0
Rohtak,2016,Oilseeds,41.91,91.9
Rohtak,2016,Sugarcane,21.3,164.0
Rohtak,2016,Cotton,24.62,11.67
Rohtak,2017,Rice,197.13,502.65
Rohtak,2017,Wheat,360.89,1733.25
Rohtak,2017,Kharif Sorghum,0.0,0.0
Rohtak,2017,Rabi Sorghum,0.0,0.0
Rohtak,2017,Sorghum,27.35,14.0
Rohtak,2017,Pearl Millet,69.6,114.29
Rohtak,2017,Maize,0.8,4.0
Rohtak,2017,Finger Millet,0.0,0.0
Rohtak,2017,Barley,4.4,13.65
Rohtak,2017,Chickpea,0.6,0.8
Rohtak,2017,Pigeonpea,0.0,0.0
Rohtak,2017,Minor Pulses,1.5,11.0
Rohtak,2017,Groundnut,0.01,0.01
Rohtak,2017,Sesamum,0.13,0.01
Rohtak,2017,Rapeseed And Mustard,51.31,106.63
Rohtak,2017,Safflower,0.0,0.0
Rohtak,2017,Castor,0.0,0.0
Rohtak,2017,Linseed,0.0,0.0
Rohtak,2017,Sunflower,0.0,0.0
Rohtak,2017,Soyabean,0.0,0.0
Rohtak,2017,Oilseeds,51.45,106.66
Rohtak,2017,Sugarcane,0.0,0.0
Rohtak,2017,Cotton,26.71,14.58
